,RMSE,sMAPE
EURUSD=X,0.5211060494388967,141.1352827727939
CAD=X,0.6286137709778168,137.0863477091199
