,RMSE,sMAPE
EURUSD=X,0.1962964461894058,116.49119400655125
CAD=X,0.31481204195981194,113.52803208745445
