,RMSE,sMAPE
EURUSD=X,0.3959086678949652,169.67794087209336
CAD=X,0.3959086678949652,169.67794087209336
