,RMSE,sMAPE
EURUSD=X,0.20400907238354823,121.63852087866753
CAD=X,0.3347900323991541,120.46644701960402
