,RMSE,sMAPE
EURUSD=X,0.35658517479216156,166.6479630414551
CAD=X,0.43523216099776885,172.70791870273152
