,RMSE,sMAPE
EURUSD=X,0.01402936204179032,0.9090776561782427
CAD=X,0.008770909286571512,0.6591353393838578
