,RMSE,sMAPE
SPY,1.3375222330691057,165.0831020014951
AMZN,1.3375222330691057,165.0831020014951
