,RMSE,sMAPE
EURUSD=X,0.3486991155806802,188.90720914307977
CAD=X,0.43357612580868604,186.48803883426032
