,RMSE,sMAPE
EURUSD=X,0.004720780524582319,0.2655452750973684
CAD=X,0.004690185608188517,0.3314697612013006
