,RMSE,sMAPE
EURUSD=X,0.20115402149571052,117.03510558108461
CAD=X,0.31658052966484135,113.41172499454892
