,RMSE,sMAPE
EURUSD=X,0.34836818305729356,186.768165629805
CAD=X,0.43399240145354884,185.38876326032144
